Region,Sales,Profit,Quantity,profit_margin_pct
AMER,837849.6045,127426.9898,13879,0.1520881422102527
APJ,415464.2408,11513.9869,7961,0.02771354491984476
EMEA,1043887.015,147456.045,16033,0.14125670966412013
