Region,Sales,Profit,Quantity,profit_margin_pct
AMER,837849.6045,127426.9898,13879,15.208814221025271
APJ,415464.2408,11513.9869,7961,2.771354491984476
EMEA,1043887.015,147456.045,16033,14.125670966412013
